Offence,Offence_OLD,Source_Year,Number_of_Charges,Outcome_Found_Guilty,Outcome_Found_Not_Guilty,Outcome_Pleaded_Guilty,Outcome_Others,Sentence_Acquitted,Sentence_Custodial_Sentence,Sentence_Non_Custodial_Sentence,Sentence_Others,Department,Data_Source,Page
administering drugs to obtain or facilitate unlawful sexual act,administering drugs to obtain or facilitate unlawful sexual act ,2010,0,0,0,0,0,0,0,0,0,DOJ,DOJ Statistics-2010-2021-breakdown_recvd2022-01-31.xlsx,Sheet 1
child pornography,"aiding, abetting, counselling and/or procuring the offences relating to child pornography ",2010,1,1,0,0,0,0,1,0,0,DOJ,DOJ Statistics-2010-2021-breakdown_recvd2022-01-31.xlsx,Sheet 1
child pornography,attempting to make child pornography ,2010,0,0,0,0,0,0,0,0,0,DOJ,DOJ Statistics-2010-2021-breakdown_recvd2022-01-31.xlsx,Sheet 1
causing prostitution of woman / another person,causing prostitution of woman / another person ,2010,0,0,0,0,0,0,0,0,0,DOJ,DOJ Statistics-2010-2021-breakdown_recvd2022-01-31.xlsx,Sheet 1
procurement of mentally incapacitated person,procurement of mentally incapacitated person ,2010,1,0,0,1,0,0,1,0,0,DOJ,DOJ Statistics-2010-2021-breakdown_recvd2022-01-31.xlsx,Sheet 1
control over persons for purpose of unlawful sexual intercourse or prostitution,controlling another person for the purpose of prostitution ,2010,0,0,0,0,0,0,0,0,0,DOJ,DOJ Statistics-2010-2021-breakdown_recvd2022-01-31.xlsx,Sheet 1
gross indecency by man with man with mentally incapacitated person,gross indecency by man with male mentally incapacitated person ,2010,0,0,0,0,0,0,0,0,0,DOJ,DOJ Statistics-2010-2021-breakdown_recvd2022-01-31.xlsx,Sheet 1
gross indecency with or by man under 21,gross indecency with a man under the age of 21,2010,0,0,0,0,0,0,0,0,0,DOJ,DOJ Statistics-2010-2021-breakdown_recvd2022-01-31.xlsx,Sheet 1
incest by men,incest by men,2010,4,0,0,4,0,0,4,0,0,DOJ,DOJ Statistics-2010-2021-breakdown_recvd2022-01-31.xlsx,Sheet 1
child pornography,incitement to the offences relating to child pornography ,2010,0,0,0,0,0,0,0,0,0,DOJ,DOJ Statistics-2010-2021-breakdown_recvd2022-01-31.xlsx,Sheet 1
indecent conduct towards child under 16,inciting to commit // committing an act of gross indecency // indecent conduct towards / with a child under the age of 16,2010,13,3,0,9,1,0,11,1,1,DOJ,DOJ Statistics-2010-2021-breakdown_recvd2022-01-31.xlsx,Sheet 1
indecency in public,indecency in public,2010,0,0,0,0,0,0,0,0,0,DOJ,DOJ Statistics-2010-2021-breakdown_recvd2022-01-31.xlsx,Sheet 1
indecent assault,indecent assault on a woman / female / mentally incapacitated person / another person,2010,65,18,21,21,5,21,34,5,5,DOJ,DOJ Statistics-2010-2021-breakdown_recvd2022-01-31.xlsx,Sheet 1
living on earnings of prostitution of others,living on earnings of prostitution of others ,2010,0,0,0,0,0,0,0,0,0,DOJ,DOJ Statistics-2010-2021-breakdown_recvd2022-01-31.xlsx,Sheet 1
non-consensual buggery,non-consensual buggery ,2010,4,0,0,2,2,0,2,0,2,DOJ,DOJ Statistics-2010-2021-breakdown_recvd2022-01-31.xlsx,Sheet 1
procurement by false pretences,procuring another person for an unlawful sexual act by false pretences ,2010,2,2,0,0,0,0,2,0,0,DOJ,DOJ Statistics-2010-2021-breakdown_recvd2022-01-31.xlsx,Sheet 1
child pornography,publishing / possession of / making a child pornography ,2010,15,2,0,13,0,0,15,0,0,DOJ,DOJ Statistics-2010-2021-breakdown_recvd2022-01-31.xlsx,Sheet 1
rape ,rape ,2010,32,16,7,6,3,7,22,0,3,DOJ,DOJ Statistics-2010-2021-breakdown_recvd2022-01-31.xlsx,Sheet 1
soliciting for an immoral purpose ,soliciting for an immoral purpose ,2010,0,0,0,0,0,0,0,0,0,DOJ,DOJ Statistics-2010-2021-breakdown_recvd2022-01-31.xlsx,Sheet 1
trafficking to Hong Kong in woman for prostitution // trafficking in persons to / from Hong Kong ,trafficking to Hong Kong in woman for prostitution // trafficking in persons to / from Hong Kong ,2010,1,0,0,1,0,0,1,0,0,DOJ,DOJ Statistics-2010-2021-breakdown_recvd2022-01-31.xlsx,Sheet 1
intercourse with girl under 13,unlawful sexual intercourse with a girl under 13 ,2010,16,1,0,15,0,0,11,5,0,DOJ,DOJ Statistics-2010-2021-breakdown_recvd2022-01-31.xlsx,Sheet 1
intercourse with girl under 16,unlawful sexual intercourse with a girl under 16 ,2010,17,3,2,12,0,2,11,4,0,DOJ,DOJ Statistics-2010-2021-breakdown_recvd2022-01-31.xlsx,Sheet 1
administering drugs to obtain or facilitate unlawful sexual act,administering drugs to obtain or facilitate unlawful sexual act ,2011,1,1,0,0,0,0,1,0,0,DOJ,DOJ Statistics-2010-2021-breakdown_recvd2022-01-31.xlsx,Sheet 1
child pornography,"aiding, abetting, counselling and/or procuring the offences relating to child pornography ",2011,0,0,0,0,0,0,0,0,0,DOJ,DOJ Statistics-2010-2021-breakdown_recvd2022-01-31.xlsx,Sheet 1
child pornography,attempting to make child pornography ,2011,0,0,0,0,0,0,0,0,0,DOJ,DOJ Statistics-2010-2021-breakdown_recvd2022-01-31.xlsx,Sheet 1
causing prostitution of woman / another person,causing prostitution of woman / another person ,2011,1,0,0,0,1,0,0,0,1,DOJ,DOJ Statistics-2010-2021-breakdown_recvd2022-01-31.xlsx,Sheet 1
procurement of mentally incapacitated person,procurement of mentally incapacitated person ,2011,0,0,0,0,0,0,0,0,0,DOJ,DOJ Statistics-2010-2021-breakdown_recvd2022-01-31.xlsx,Sheet 1
control over persons for purpose of unlawful sexual intercourse or prostitution,controlling another person for the purpose of prostitution ,2011,3,1,0,0,2,0,1,0,2,DOJ,DOJ Statistics-2010-2021-breakdown_recvd2022-01-31.xlsx,Sheet 1
gross indecency by man with man with mentally incapacitated person,gross indecency by man with male mentally incapacitated person ,2011,0,0,0,0,0,0,0,0,0,DOJ,DOJ Statistics-2010-2021-breakdown_recvd2022-01-31.xlsx,Sheet 1
gross indecency with or by man under 21,gross indecency with a man under the age of 21,2011,0,0,0,0,0,0,0,0,0,DOJ,DOJ Statistics-2010-2021-breakdown_recvd2022-01-31.xlsx,Sheet 1
incest by men,incest by men,2011,5,0,0,4,1,0,4,0,1,DOJ,DOJ Statistics-2010-2021-breakdown_recvd2022-01-31.xlsx,Sheet 1
child pornography,incitement to the offences relating to child pornography ,2011,0,0,0,0,0,0,0,0,0,DOJ,DOJ Statistics-2010-2021-breakdown_recvd2022-01-31.xlsx,Sheet 1
indecent conduct towards child under 16,inciting to commit // committing an act of gross indecency // indecent conduct towards / with a child under the age of 16,2011,12,2,0,9,1,0,11,0,1,DOJ,DOJ Statistics-2010-2021-breakdown_recvd2022-01-31.xlsx,Sheet 1
indecency in public,indecency in public,2011,0,0,0,0,0,0,0,0,0,DOJ,DOJ Statistics-2010-2021-breakdown_recvd2022-01-31.xlsx,Sheet 1
indecent assault,indecent assault on a woman / female / mentally incapacitated person / another person,2011,51,17,10,18,6,10,30,5,6,DOJ,DOJ Statistics-2010-2021-breakdown_recvd2022-01-31.xlsx,Sheet 1
living on earnings of prostitution of others,living on earnings of prostitution of others ,2011,4,0,0,4,0,0,2,2,0,DOJ,DOJ Statistics-2010-2021-breakdown_recvd2022-01-31.xlsx,Sheet 1
non-consensual buggery,non-consensual buggery ,2011,1,0,0,0,1,0,0,0,1,DOJ,DOJ Statistics-2010-2021-breakdown_recvd2022-01-31.xlsx,Sheet 1
procurement by false pretences,procuring another person for an unlawful sexual act by false pretences ,2011,2,1,0,1,0,0,2,0,0,DOJ,DOJ Statistics-2010-2021-breakdown_recvd2022-01-31.xlsx,Sheet 1
child pornography,publishing / possession of / making a child pornography ,2011,10,0,1,7,2,1,7,0,2,DOJ,DOJ Statistics-2010-2021-breakdown_recvd2022-01-31.xlsx,Sheet 1
rape ,rape ,2011,33,8,10,5,10,10,15,0,8,DOJ,DOJ Statistics-2010-2021-breakdown_recvd2022-01-31.xlsx,Sheet 1
soliciting for an immoral purpose ,soliciting for an immoral purpose ,2011,0,0,0,0,0,0,0,0,0,DOJ,DOJ Statistics-2010-2021-breakdown_recvd2022-01-31.xlsx,Sheet 1
trafficking to Hong Kong in woman for prostitution // trafficking in persons to / from Hong Kong ,trafficking to Hong Kong in woman for prostitution // trafficking in persons to / from Hong Kong ,2011,0,0,0,0,0,0,0,0,0,DOJ,DOJ Statistics-2010-2021-breakdown_recvd2022-01-31.xlsx,Sheet 1
intercourse with girl under 13,unlawful sexual intercourse with a girl under 13 ,2011,13,1,2,8,2,2,8,1,2,DOJ,DOJ Statistics-2010-2021-breakdown_recvd2022-01-31.xlsx,Sheet 1
intercourse with girl under 16,unlawful sexual intercourse with a girl under 16 ,2011,16,1,3,9,3,3,9,1,3,DOJ,DOJ Statistics-2010-2021-breakdown_recvd2022-01-31.xlsx,Sheet 1
administering drugs to obtain or facilitate unlawful sexual act,administering drugs to obtain or facilitate unlawful sexual act ,2012,0,0,0,0,0,0,0,0,0,DOJ,DOJ Statistics-2010-2021-breakdown_recvd2022-01-31.xlsx,Sheet 1
child pornography,"aiding, abetting, counselling and/or procuring the offences relating to child pornography ",2012,0,0,0,0,0,0,0,0,0,DOJ,DOJ Statistics-2010-2021-breakdown_recvd2022-01-31.xlsx,Sheet 1
child pornography,attempting to make child pornography ,2012,0,0,0,0,0,0,0,0,0,DOJ,DOJ Statistics-2010-2021-breakdown_recvd2022-01-31.xlsx,Sheet 1
causing prostitution of woman / another person,causing prostitution of woman / another person ,2012,1,0,0,1,0,0,1,0,0,DOJ,DOJ Statistics-2010-2021-breakdown_recvd2022-01-31.xlsx,Sheet 1
procurement of mentally incapacitated person,procurement of mentally incapacitated person ,2012,0,0,0,0,0,0,0,0,0,DOJ,DOJ Statistics-2010-2021-breakdown_recvd2022-01-31.xlsx,Sheet 1
control over persons for purpose of unlawful sexual intercourse or prostitution,controlling another person for the purpose of prostitution ,2012,4,0,0,3,1,0,3,0,1,DOJ,DOJ Statistics-2010-2021-breakdown_recvd2022-01-31.xlsx,Sheet 1
gross indecency by man with man with mentally incapacitated person,gross indecency by man with male mentally incapacitated person ,2012,0,0,0,0,0,0,0,0,0,DOJ,DOJ Statistics-2010-2021-breakdown_recvd2022-01-31.xlsx,Sheet 1
gross indecency with or by man under 21,gross indecency with a man under the age of 21,2012,0,0,0,0,0,0,0,0,0,DOJ,DOJ Statistics-2010-2021-breakdown_recvd2022-01-31.xlsx,Sheet 1
incest by men,incest by men,2012,2,0,0,2,0,0,2,0,0,DOJ,DOJ Statistics-2010-2021-breakdown_recvd2022-01-31.xlsx,Sheet 1
child pornography,incitement to the offences relating to child pornography ,2012,0,0,0,0,0,0,0,0,0,DOJ,DOJ Statistics-2010-2021-breakdown_recvd2022-01-31.xlsx,Sheet 1
indecent conduct towards child under 16,inciting to commit // committing an act of gross indecency // indecent conduct towards / with a child under the age of 16,2012,11,2,1,6,2,1,8,0,2,DOJ,DOJ Statistics-2010-2021-breakdown_recvd2022-01-31.xlsx,Sheet 1
indecency in public,indecency in public,2012,0,0,0,0,0,0,0,0,0,DOJ,DOJ Statistics-2010-2021-breakdown_recvd2022-01-31.xlsx,Sheet 1
indecent assault,indecent assault on a woman / female / mentally incapacitated person / another person,2012,42,17,6,14,5,6,29,2,5,DOJ,DOJ Statistics-2010-2021-breakdown_recvd2022-01-31.xlsx,Sheet 1
living on earnings of prostitution of others,living on earnings of prostitution of others ,2012,5,1,0,4,0,0,5,0,0,DOJ,DOJ Statistics-2010-2021-breakdown_recvd2022-01-31.xlsx,Sheet 1
non-consensual buggery,non-consensual buggery ,2012,6,2,2,1,1,2,3,0,1,DOJ,DOJ Statistics-2010-2021-breakdown_recvd2022-01-31.xlsx,Sheet 1
procurement by false pretences,procuring another person for an unlawful sexual act by false pretences ,2012,2,2,0,0,0,0,2,0,0,DOJ,DOJ Statistics-2010-2021-breakdown_recvd2022-01-31.xlsx,Sheet 1
child pornography,publishing / possession of / making a child pornography ,2012,10,1,1,8,0,1,9,0,0,DOJ,DOJ Statistics-2010-2021-breakdown_recvd2022-01-31.xlsx,Sheet 1
rape ,rape ,2012,26,12,8,4,2,8,16,0,2,DOJ,DOJ Statistics-2010-2021-breakdown_recvd2022-01-31.xlsx,Sheet 1
soliciting for an immoral purpose ,soliciting for an immoral purpose ,2012,2,1,0,1,0,0,1,1,0,DOJ,DOJ Statistics-2010-2021-breakdown_recvd2022-01-31.xlsx,Sheet 1
trafficking to Hong Kong in woman for prostitution // trafficking in persons to / from Hong Kong ,trafficking to Hong Kong in woman for prostitution // trafficking in persons to / from Hong Kong ,2012,2,1,0,0,1,0,1,0,1,DOJ,DOJ Statistics-2010-2021-breakdown_recvd2022-01-31.xlsx,Sheet 1
intercourse with girl under 13,unlawful sexual intercourse with a girl under 13 ,2012,15,1,2,12,0,2,11,2,0,DOJ,DOJ Statistics-2010-2021-breakdown_recvd2022-01-31.xlsx,Sheet 1
intercourse with girl under 16,unlawful sexual intercourse with a girl under 16 ,2012,8,0,0,7,1,0,5,2,1,DOJ,DOJ Statistics-2010-2021-breakdown_recvd2022-01-31.xlsx,Sheet 1
administering drugs to obtain or facilitate unlawful sexual act,administering drugs to obtain or facilitate unlawful sexual act ,2013,0,0,0,0,0,0,0,0,0,DOJ,DOJ Statistics-2010-2021-breakdown_recvd2022-01-31.xlsx,Sheet 1
child pornography,"aiding, abetting, counselling and/or procuring the offences relating to child pornography ",2013,0,0,0,0,0,0,0,0,0,DOJ,DOJ Statistics-2010-2021-breakdown_recvd2022-01-31.xlsx,Sheet 1
child pornography,attempting to make child pornography ,2013,0,0,0,0,0,0,0,0,0,DOJ,DOJ Statistics-2010-2021-breakdown_recvd2022-01-31.xlsx,Sheet 1
causing prostitution of woman / another person,causing prostitution of woman / another person ,2013,0,0,0,0,0,0,0,0,0,DOJ,DOJ Statistics-2010-2021-breakdown_recvd2022-01-31.xlsx,Sheet 1
procurement of mentally incapacitated person,procurement of mentally incapacitated person ,2013,0,0,0,0,0,0,0,0,0,DOJ,DOJ Statistics-2010-2021-breakdown_recvd2022-01-31.xlsx,Sheet 1
control over persons for purpose of unlawful sexual intercourse or prostitution,controlling another person for the purpose of prostitution ,2013,1,0,1,0,0,1,0,0,0,DOJ,DOJ Statistics-2010-2021-breakdown_recvd2022-01-31.xlsx,Sheet 1
gross indecency by man with man with mentally incapacitated person,gross indecency by man with male mentally incapacitated person ,2013,0,0,0,0,0,0,0,0,0,DOJ,DOJ Statistics-2010-2021-breakdown_recvd2022-01-31.xlsx,Sheet 1
gross indecency with or by man under 21,gross indecency with a man under the age of 21,2013,0,0,0,0,0,0,0,0,0,DOJ,DOJ Statistics-2010-2021-breakdown_recvd2022-01-31.xlsx,Sheet 1
incest by men,incest by men,2013,2,1,0,1,0,0,2,0,0,DOJ,DOJ Statistics-2010-2021-breakdown_recvd2022-01-31.xlsx,Sheet 1
child pornography,incitement to the offences relating to child pornography ,2013,2,0,0,2,0,0,2,0,0,DOJ,DOJ Statistics-2010-2021-breakdown_recvd2022-01-31.xlsx,Sheet 1
indecent conduct towards child under 16,inciting to commit // committing an act of gross indecency // indecent conduct towards / with a child under the age of 16,2013,9,1,0,7,1,0,7,1,1,DOJ,DOJ Statistics-2010-2021-breakdown_recvd2022-01-31.xlsx,Sheet 1
indecency in public,indecency in public,2013,0,0,0,0,0,0,0,0,0,DOJ,DOJ Statistics-2010-2021-breakdown_recvd2022-01-31.xlsx,Sheet 1
indecent assault,indecent assault on a woman / female / mentally incapacitated person / another person,2013,44,10,17,7,10,17,15,2,10,DOJ,DOJ Statistics-2010-2021-breakdown_recvd2022-01-31.xlsx,Sheet 1
living on earnings of prostitution of others,living on earnings of prostitution of others ,2013,2,0,0,2,0,0,2,0,0,DOJ,DOJ Statistics-2010-2021-breakdown_recvd2022-01-31.xlsx,Sheet 1
non-consensual buggery,non-consensual buggery ,2013,3,0,3,0,0,3,0,0,0,DOJ,DOJ Statistics-2010-2021-breakdown_recvd2022-01-31.xlsx,Sheet 1
procurement by false pretences,procuring another person for an unlawful sexual act by false pretences ,2013,0,0,0,0,0,0,0,0,0,DOJ,DOJ Statistics-2010-2021-breakdown_recvd2022-01-31.xlsx,Sheet 1
child pornography,publishing / possession of / making a child pornography ,2013,13,0,0,12,1,0,12,0,1,DOJ,DOJ Statistics-2010-2021-breakdown_recvd2022-01-31.xlsx,Sheet 1
rape ,rape ,2013,34,11,9,8,6,9,19,0,6,DOJ,DOJ Statistics-2010-2021-breakdown_recvd2022-01-31.xlsx,Sheet 1
soliciting for an immoral purpose ,soliciting for an immoral purpose ,2013,2,1,0,0,1,0,1,0,1,DOJ,DOJ Statistics-2010-2021-breakdown_recvd2022-01-31.xlsx,Sheet 1
trafficking to Hong Kong in woman for prostitution // trafficking in persons to / from Hong Kong ,trafficking to Hong Kong in woman for prostitution // trafficking in persons to / from Hong Kong ,2013,2,0,0,2,0,0,2,0,0,DOJ,DOJ Statistics-2010-2021-breakdown_recvd2022-01-31.xlsx,Sheet 1
intercourse with girl under 13,unlawful sexual intercourse with a girl under 13 ,2013,15,1,1,13,0,1,10,4,0,DOJ,DOJ Statistics-2010-2021-breakdown_recvd2022-01-31.xlsx,Sheet 1
intercourse with girl under 16,unlawful sexual intercourse with a girl under 16 ,2013,21,2,3,15,1,3,11,6,1,DOJ,DOJ Statistics-2010-2021-breakdown_recvd2022-01-31.xlsx,Sheet 1
administering drugs to obtain or facilitate unlawful sexual act,administering drugs to obtain or facilitate unlawful sexual act ,2014,0,0,0,0,0,0,0,0,0,DOJ,DOJ Statistics-2010-2021-breakdown_recvd2022-01-31.xlsx,Sheet 1
child pornography,"aiding, abetting, counselling and/or procuring the offences relating to child pornography ",2014,0,0,0,0,0,0,0,0,0,DOJ,DOJ Statistics-2010-2021-breakdown_recvd2022-01-31.xlsx,Sheet 1
child pornography,attempting to make child pornography ,2014,0,0,0,0,0,0,0,0,0,DOJ,DOJ Statistics-2010-2021-breakdown_recvd2022-01-31.xlsx,Sheet 1
causing prostitution of woman / another person,causing prostitution of woman / another person ,2014,0,0,0,0,0,0,0,0,0,DOJ,DOJ Statistics-2010-2021-breakdown_recvd2022-01-31.xlsx,Sheet 1
procurement of mentally incapacitated person,procurement of mentally incapacitated person ,2014,0,0,0,0,0,0,0,0,0,DOJ,DOJ Statistics-2010-2021-breakdown_recvd2022-01-31.xlsx,Sheet 1
control over persons for purpose of unlawful sexual intercourse or prostitution,controlling another person for the purpose of prostitution ,2014,3,1,1,1,0,1,2,0,0,DOJ,DOJ Statistics-2010-2021-breakdown_recvd2022-01-31.xlsx,Sheet 1
gross indecency by man with man with mentally incapacitated person,gross indecency by man with male mentally incapacitated person ,2014,0,0,0,0,0,0,0,0,0,DOJ,DOJ Statistics-2010-2021-breakdown_recvd2022-01-31.xlsx,Sheet 1
gross indecency with or by man under 21,gross indecency with a man under the age of 21,2014,1,0,0,0,1,0,0,0,1,DOJ,DOJ Statistics-2010-2021-breakdown_recvd2022-01-31.xlsx,Sheet 1
incest by men,incest by men,2014,2,1,0,1,0,0,2,0,0,DOJ,DOJ Statistics-2010-2021-breakdown_recvd2022-01-31.xlsx,Sheet 1
child pornography,incitement to the offences relating to child pornography ,2014,0,0,0,0,0,0,0,0,0,DOJ,DOJ Statistics-2010-2021-breakdown_recvd2022-01-31.xlsx,Sheet 1
indecent conduct towards child under 16,inciting to commit // committing an act of gross indecency // indecent conduct towards / with a child under the age of 16,2014,10,1,3,3,3,3,3,1,3,DOJ,DOJ Statistics-2010-2021-breakdown_recvd2022-01-31.xlsx,Sheet 1
indecency in public,indecency in public,2014,0,0,0,0,0,0,0,0,0,DOJ,DOJ Statistics-2010-2021-breakdown_recvd2022-01-31.xlsx,Sheet 1
indecent assault,indecent assault on a woman / female / mentally incapacitated person / another person,2014,40,12,11,13,4,11,25,0,4,DOJ,DOJ Statistics-2010-2021-breakdown_recvd2022-01-31.xlsx,Sheet 1
living on earnings of prostitution of others,living on earnings of prostitution of others ,2014,4,1,1,1,1,1,2,1,0,DOJ,DOJ Statistics-2010-2021-breakdown_recvd2022-01-31.xlsx,Sheet 1
non-consensual buggery,non-consensual buggery ,2014,2,2,0,0,0,0,2,0,0,DOJ,DOJ Statistics-2010-2021-breakdown_recvd2022-01-31.xlsx,Sheet 1
procurement by false pretences,procuring another person for an unlawful sexual act by false pretences ,2014,0,0,0,0,0,0,0,0,0,DOJ,DOJ Statistics-2010-2021-breakdown_recvd2022-01-31.xlsx,Sheet 1
child pornography,publishing / possession of / making a child pornography ,2014,11,2,1,7,1,1,8,1,1,DOJ,DOJ Statistics-2010-2021-breakdown_recvd2022-01-31.xlsx,Sheet 1
rape ,rape ,2014,17,4,6,4,3,6,8,0,3,DOJ,DOJ Statistics-2010-2021-breakdown_recvd2022-01-31.xlsx,Sheet 1
soliciting for an immoral purpose ,soliciting for an immoral purpose ,2014,1,0,0,1,0,0,1,0,0,DOJ,DOJ Statistics-2010-2021-breakdown_recvd2022-01-31.xlsx,Sheet 1
trafficking to Hong Kong in woman for prostitution // trafficking in persons to / from Hong Kong ,trafficking to Hong Kong in woman for prostitution // trafficking in persons to / from Hong Kong ,2014,1,1,0,0,0,0,1,0,0,DOJ,DOJ Statistics-2010-2021-breakdown_recvd2022-01-31.xlsx,Sheet 1
intercourse with girl under 13,unlawful sexual intercourse with a girl under 13 ,2014,5,0,0,3,2,0,3,0,2,DOJ,DOJ Statistics-2010-2021-breakdown_recvd2022-01-31.xlsx,Sheet 1
intercourse with girl under 16,unlawful sexual intercourse with a girl under 16 ,2014,10,4,0,5,1,0,5,4,1,DOJ,DOJ Statistics-2010-2021-breakdown_recvd2022-01-31.xlsx,Sheet 1
administering drugs to obtain or facilitate unlawful sexual act,administering drugs to obtain or facilitate unlawful sexual act ,2015,0,0,0,0,0,0,0,0,0,DOJ,DOJ Statistics-2010-2021-breakdown_recvd2022-01-31.xlsx,Sheet 1
child pornography,"aiding, abetting, counselling and/or procuring the offences relating to child pornography ",2015,0,0,0,0,0,0,0,0,0,DOJ,DOJ Statistics-2010-2021-breakdown_recvd2022-01-31.xlsx,Sheet 1
child pornography,attempting to make child pornography ,2015,0,0,0,0,0,0,0,0,0,DOJ,DOJ Statistics-2010-2021-breakdown_recvd2022-01-31.xlsx,Sheet 1
causing prostitution of woman / another person,causing prostitution of woman / another person ,2015,0,0,0,0,0,0,0,0,0,DOJ,DOJ Statistics-2010-2021-breakdown_recvd2022-01-31.xlsx,Sheet 1
procurement of mentally incapacitated person,procurement of mentally incapacitated person ,2015,0,0,0,0,0,0,0,0,0,DOJ,DOJ Statistics-2010-2021-breakdown_recvd2022-01-31.xlsx,Sheet 1
control over persons for purpose of unlawful sexual intercourse or prostitution,controlling another person for the purpose of prostitution ,2015,1,0,0,0,1,0,0,0,1,DOJ,DOJ Statistics-2010-2021-breakdown_recvd2022-01-31.xlsx,Sheet 1
gross indecency by man with man with mentally incapacitated person,gross indecency by man with male mentally incapacitated person ,2015,0,0,0,0,0,0,0,0,0,DOJ,DOJ Statistics-2010-2021-breakdown_recvd2022-01-31.xlsx,Sheet 1
gross indecency with or by man under 21,gross indecency with a man under the age of 21,2015,0,0,0,0,0,0,0,0,0,DOJ,DOJ Statistics-2010-2021-breakdown_recvd2022-01-31.xlsx,Sheet 1
incest by men,incest by men,2015,1,0,0,1,0,0,0,1,0,DOJ,DOJ Statistics-2010-2021-breakdown_recvd2022-01-31.xlsx,Sheet 1
child pornography,incitement to the offences relating to child pornography ,2015,0,0,0,0,0,0,0,0,0,DOJ,DOJ Statistics-2010-2021-breakdown_recvd2022-01-31.xlsx,Sheet 1
indecent conduct towards child under 16,inciting to commit // committing an act of gross indecency // indecent conduct towards / with a child under the age of 16,2015,12,0,2,7,3,2,7,0,3,DOJ,DOJ Statistics-2010-2021-breakdown_recvd2022-01-31.xlsx,Sheet 1
indecency in public,indecency in public,2015,0,0,0,0,0,0,0,0,0,DOJ,DOJ Statistics-2010-2021-breakdown_recvd2022-01-31.xlsx,Sheet 1
indecent assault,indecent assault on a woman / female / mentally incapacitated person / another person,2015,39,10,12,13,4,12,20,4,3,DOJ,DOJ Statistics-2010-2021-breakdown_recvd2022-01-31.xlsx,Sheet 1
living on earnings of prostitution of others,living on earnings of prostitution of others ,2015,4,0,0,3,1,0,3,0,1,DOJ,DOJ Statistics-2010-2021-breakdown_recvd2022-01-31.xlsx,Sheet 1
non-consensual buggery,non-consensual buggery ,2015,0,0,0,0,0,0,0,0,0,DOJ,DOJ Statistics-2010-2021-breakdown_recvd2022-01-31.xlsx,Sheet 1
procurement by false pretences,procuring another person for an unlawful sexual act by false pretences ,2015,3,0,1,2,0,1,2,0,0,DOJ,DOJ Statistics-2010-2021-breakdown_recvd2022-01-31.xlsx,Sheet 1
child pornography,publishing / possession of / making a child pornography ,2015,20,3,0,16,1,0,18,1,1,DOJ,DOJ Statistics-2010-2021-breakdown_recvd2022-01-31.xlsx,Sheet 1
rape ,rape ,2015,14,4,6,0,4,6,4,0,4,DOJ,DOJ Statistics-2010-2021-breakdown_recvd2022-01-31.xlsx,Sheet 1
soliciting for an immoral purpose ,soliciting for an immoral purpose ,2015,0,0,0,0,0,0,0,0,0,DOJ,DOJ Statistics-2010-2021-breakdown_recvd2022-01-31.xlsx,Sheet 1
trafficking to Hong Kong in woman for prostitution // trafficking in persons to / from Hong Kong ,trafficking to Hong Kong in woman for prostitution // trafficking in persons to / from Hong Kong ,2015,0,0,0,0,0,0,0,0,0,DOJ,DOJ Statistics-2010-2021-breakdown_recvd2022-01-31.xlsx,Sheet 1
intercourse with girl under 13,unlawful sexual intercourse with a girl under 13 ,2015,11,1,1,7,2,1,5,3,2,DOJ,DOJ Statistics-2010-2021-breakdown_recvd2022-01-31.xlsx,Sheet 1
intercourse with girl under 16,unlawful sexual intercourse with a girl under 16 ,2015,15,0,2,12,1,2,7,5,1,DOJ,DOJ Statistics-2010-2021-breakdown_recvd2022-01-31.xlsx,Sheet 1
administering drugs to obtain or facilitate unlawful sexual act,administering drugs to obtain or facilitate unlawful sexual act ,2016,1,0,1,0,0,1,0,0,0,DOJ,DOJ Statistics-2010-2021-breakdown_recvd2022-01-31.xlsx,Sheet 1
child pornography,"aiding, abetting, counselling and/or procuring the offences relating to child pornography ",2016,2,0,0,1,1,0,1,0,1,DOJ,DOJ Statistics-2010-2021-breakdown_recvd2022-01-31.xlsx,Sheet 1
child pornography,attempting to make child pornography ,2016,0,0,0,0,0,0,0,0,0,DOJ,DOJ Statistics-2010-2021-breakdown_recvd2022-01-31.xlsx,Sheet 1
causing prostitution of woman / another person,causing prostitution of woman / another person ,2016,2,1,0,1,0,0,2,0,0,DOJ,DOJ Statistics-2010-2021-breakdown_recvd2022-01-31.xlsx,Sheet 1
procurement of mentally incapacitated person,procurement of mentally incapacitated person ,2016,0,0,0,0,0,0,0,0,0,DOJ,DOJ Statistics-2010-2021-breakdown_recvd2022-01-31.xlsx,Sheet 1
control over persons for purpose of unlawful sexual intercourse or prostitution,controlling another person for the purpose of prostitution ,2016,0,0,0,0,0,0,0,0,0,DOJ,DOJ Statistics-2010-2021-breakdown_recvd2022-01-31.xlsx,Sheet 1
gross indecency by man with man with mentally incapacitated person,gross indecency by man with male mentally incapacitated person ,2016,0,0,0,0,0,0,0,0,0,DOJ,DOJ Statistics-2010-2021-breakdown_recvd2022-01-31.xlsx,Sheet 1
gross indecency with or by man under 21,gross indecency with a man under the age of 21,2016,0,0,0,0,0,0,0,0,0,DOJ,DOJ Statistics-2010-2021-breakdown_recvd2022-01-31.xlsx,Sheet 1
incest by men,incest by men,2016,3,1,0,2,0,0,3,0,0,DOJ,DOJ Statistics-2010-2021-breakdown_recvd2022-01-31.xlsx,Sheet 1
child pornography,incitement to the offences relating to child pornography ,2016,0,0,0,0,0,0,0,0,0,DOJ,DOJ Statistics-2010-2021-breakdown_recvd2022-01-31.xlsx,Sheet 1
indecent conduct towards child under 16,inciting to commit // committing an act of gross indecency // indecent conduct towards / with a child under the age of 16,2016,12,6,1,5,0,1,11,0,0,DOJ,DOJ Statistics-2010-2021-breakdown_recvd2022-01-31.xlsx,Sheet 1
indecency in public,indecency in public,2016,0,0,0,0,0,0,0,0,0,DOJ,DOJ Statistics-2010-2021-breakdown_recvd2022-01-31.xlsx,Sheet 1
indecent assault,indecent assault on a woman / female / mentally incapacitated person / another person,2016,29,4,7,12,6,7,15,1,6,DOJ,DOJ Statistics-2010-2021-breakdown_recvd2022-01-31.xlsx,Sheet 1
living on earnings of prostitution of others,living on earnings of prostitution of others ,2016,5,1,0,3,1,0,3,1,1,DOJ,DOJ Statistics-2010-2021-breakdown_recvd2022-01-31.xlsx,Sheet 1
non-consensual buggery,non-consensual buggery ,2016,1,0,0,0,1,0,0,0,1,DOJ,DOJ Statistics-2010-2021-breakdown_recvd2022-01-31.xlsx,Sheet 1
procurement by false pretences,procuring another person for an unlawful sexual act by false pretences ,2016,1,1,0,0,0,0,1,0,0,DOJ,DOJ Statistics-2010-2021-breakdown_recvd2022-01-31.xlsx,Sheet 1
child pornography,publishing / possession of / making a child pornography ,2016,23,3,0,18,2,0,19,2,2,DOJ,DOJ Statistics-2010-2021-breakdown_recvd2022-01-31.xlsx,Sheet 1
rape ,rape ,2016,17,4,5,2,6,5,6,0,6,DOJ,DOJ Statistics-2010-2021-breakdown_recvd2022-01-31.xlsx,Sheet 1
soliciting for an immoral purpose ,soliciting for an immoral purpose ,2016,0,0,0,0,0,0,0,0,0,DOJ,DOJ Statistics-2010-2021-breakdown_recvd2022-01-31.xlsx,Sheet 1
trafficking to Hong Kong in woman for prostitution // trafficking in persons to / from Hong Kong ,trafficking to Hong Kong in woman for prostitution // trafficking in persons to / from Hong Kong ,2016,1,0,0,1,0,0,1,0,0,DOJ,DOJ Statistics-2010-2021-breakdown_recvd2022-01-31.xlsx,Sheet 1
intercourse with girl under 13,unlawful sexual intercourse with a girl under 13 ,2016,1,0,0,1,0,0,1,0,0,DOJ,DOJ Statistics-2010-2021-breakdown_recvd2022-01-31.xlsx,Sheet 1
intercourse with girl under 16,unlawful sexual intercourse with a girl under 16 ,2016,9,2,1,6,0,1,5,3,0,DOJ,DOJ Statistics-2010-2021-breakdown_recvd2022-01-31.xlsx,Sheet 1
administering drugs to obtain or facilitate unlawful sexual act,administering drugs to obtain or facilitate unlawful sexual act ,2017,0,0,0,0,0,0,0,0,0,DOJ,DOJ Statistics-2010-2021-breakdown_recvd2022-01-31.xlsx,Sheet 1
child pornography,"aiding, abetting, counselling and/or procuring the offences relating to child pornography ",2017,0,0,0,0,0,0,0,0,0,DOJ,DOJ Statistics-2010-2021-breakdown_recvd2022-01-31.xlsx,Sheet 1
child pornography,attempting to make child pornography ,2017,0,0,0,0,0,0,0,0,0,DOJ,DOJ Statistics-2010-2021-breakdown_recvd2022-01-31.xlsx,Sheet 1
causing prostitution of woman / another person,causing prostitution of woman / another person ,2017,0,0,0,0,0,0,0,0,0,DOJ,DOJ Statistics-2010-2021-breakdown_recvd2022-01-31.xlsx,Sheet 1
procurement of mentally incapacitated person,procurement of mentally incapacitated person ,2017,0,0,0,0,0,0,0,0,0,DOJ,DOJ Statistics-2010-2021-breakdown_recvd2022-01-31.xlsx,Sheet 1
control over persons for purpose of unlawful sexual intercourse or prostitution,controlling another person for the purpose of prostitution ,2017,0,0,0,0,0,0,0,0,0,DOJ,DOJ Statistics-2010-2021-breakdown_recvd2022-01-31.xlsx,Sheet 1
gross indecency by man with man with mentally incapacitated person,gross indecency by man with male mentally incapacitated person ,2017,0,0,0,0,0,0,0,0,0,DOJ,DOJ Statistics-2010-2021-breakdown_recvd2022-01-31.xlsx,Sheet 1
gross indecency with or by man under 21,gross indecency with a man under the age of 21,2017,0,0,0,0,0,0,0,0,0,DOJ,DOJ Statistics-2010-2021-breakdown_recvd2022-01-31.xlsx,Sheet 1
incest by men,incest by men,2017,2,0,0,1,1,0,1,0,1,DOJ,DOJ Statistics-2010-2021-breakdown_recvd2022-01-31.xlsx,Sheet 1
child pornography,incitement to the offences relating to child pornography ,2017,0,0,0,0,0,0,0,0,0,DOJ,DOJ Statistics-2010-2021-breakdown_recvd2022-01-31.xlsx,Sheet 1
indecent conduct towards child under 16,inciting to commit // committing an act of gross indecency // indecent conduct towards / with a child under the age of 16,2017,13,1,2,8,2,2,7,2,2,DOJ,DOJ Statistics-2010-2021-breakdown_recvd2022-01-31.xlsx,Sheet 1
indecency in public,indecency in public,2017,1,1,0,0,0,0,0,1,0,DOJ,DOJ Statistics-2010-2021-breakdown_recvd2022-01-31.xlsx,Sheet 1
indecent assault,indecent assault on a woman / female / mentally incapacitated person / another person,2017,19,4,6,7,2,6,11,1,1,DOJ,DOJ Statistics-2010-2021-breakdown_recvd2022-01-31.xlsx,Sheet 1
living on earnings of prostitution of others,living on earnings of prostitution of others ,2017,0,0,0,0,0,0,0,0,0,DOJ,DOJ Statistics-2010-2021-breakdown_recvd2022-01-31.xlsx,Sheet 1
non-consensual buggery,non-consensual buggery ,2017,0,0,0,0,0,0,0,0,0,DOJ,DOJ Statistics-2010-2021-breakdown_recvd2022-01-31.xlsx,Sheet 1
procurement by false pretences,procuring another person for an unlawful sexual act by false pretences ,2017,0,0,0,0,0,0,0,0,0,DOJ,DOJ Statistics-2010-2021-breakdown_recvd2022-01-31.xlsx,Sheet 1
child pornography,publishing / possession of / making a child pornography ,2017,14,3,0,11,0,0,14,0,0,DOJ,DOJ Statistics-2010-2021-breakdown_recvd2022-01-31.xlsx,Sheet 1
rape ,rape ,2017,21,6,5,6,4,5,13,0,3,DOJ,DOJ Statistics-2010-2021-breakdown_recvd2022-01-31.xlsx,Sheet 1
soliciting for an immoral purpose ,soliciting for an immoral purpose ,2017,1,1,0,0,0,0,0,1,0,DOJ,DOJ Statistics-2010-2021-breakdown_recvd2022-01-31.xlsx,Sheet 1
trafficking to Hong Kong in woman for prostitution // trafficking in persons to / from Hong Kong ,trafficking to Hong Kong in woman for prostitution // trafficking in persons to / from Hong Kong ,2017,0,0,0,0,0,0,0,0,0,DOJ,DOJ Statistics-2010-2021-breakdown_recvd2022-01-31.xlsx,Sheet 1
intercourse with girl under 13,unlawful sexual intercourse with a girl under 13 ,2017,4,0,1,3,0,1,2,1,0,DOJ,DOJ Statistics-2010-2021-breakdown_recvd2022-01-31.xlsx,Sheet 1
intercourse with girl under 16,unlawful sexual intercourse with a girl under 16 ,2017,8,2,2,2,2,2,4,0,2,DOJ,DOJ Statistics-2010-2021-breakdown_recvd2022-01-31.xlsx,Sheet 1
administering drugs to obtain or facilitate unlawful sexual act,administering drugs to obtain or facilitate unlawful sexual act ,2018,0,0,0,0,0,0,0,0,0,DOJ,DOJ Statistics-2010-2021-breakdown_recvd2022-01-31.xlsx,Sheet 1
child pornography,"aiding, abetting, counselling and/or procuring the offences relating to child pornography ",2018,0,0,0,0,0,0,0,0,0,DOJ,DOJ Statistics-2010-2021-breakdown_recvd2022-01-31.xlsx,Sheet 1
child pornography,attempting to make child pornography ,2018,0,0,0,0,0,0,0,0,0,DOJ,DOJ Statistics-2010-2021-breakdown_recvd2022-01-31.xlsx,Sheet 1
causing prostitution of woman / another person,causing prostitution of woman / another person ,2018,0,0,0,0,0,0,0,0,0,DOJ,DOJ Statistics-2010-2021-breakdown_recvd2022-01-31.xlsx,Sheet 1
procurement of mentally incapacitated person,procurement of mentally incapacitated person ,2018,0,0,0,0,0,0,0,0,0,DOJ,DOJ Statistics-2010-2021-breakdown_recvd2022-01-31.xlsx,Sheet 1
control over persons for purpose of unlawful sexual intercourse or prostitution,controlling another person for the purpose of prostitution ,2018,1,1,0,0,0,0,1,0,0,DOJ,DOJ Statistics-2010-2021-breakdown_recvd2022-01-31.xlsx,Sheet 1
gross indecency by man with man with mentally incapacitated person,gross indecency by man with male mentally incapacitated person ,2018,1,1,0,0,0,0,1,0,0,DOJ,DOJ Statistics-2010-2021-breakdown_recvd2022-01-31.xlsx,Sheet 1
gross indecency with or by man under 21,gross indecency with a man under the age of 21,2018,0,0,0,0,0,0,0,0,0,DOJ,DOJ Statistics-2010-2021-breakdown_recvd2022-01-31.xlsx,Sheet 1
incest by men,incest by men,2018,2,0,0,2,0,0,2,0,0,DOJ,DOJ Statistics-2010-2021-breakdown_recvd2022-01-31.xlsx,Sheet 1
child pornography,incitement to the offences relating to child pornography ,2018,0,0,0,0,0,0,0,0,0,DOJ,DOJ Statistics-2010-2021-breakdown_recvd2022-01-31.xlsx,Sheet 1
indecent conduct towards child under 16,inciting to commit // committing an act of gross indecency // indecent conduct towards / with a child under the age of 16,2018,12,2,2,5,3,2,5,2,3,DOJ,DOJ Statistics-2010-2021-breakdown_recvd2022-01-31.xlsx,Sheet 1
indecency in public,indecency in public,2018,0,0,0,0,0,0,0,0,0,DOJ,DOJ Statistics-2010-2021-breakdown_recvd2022-01-31.xlsx,Sheet 1
indecent assault,indecent assault on a woman / female / mentally incapacitated person / another person,2018,16,4,6,5,1,6,9,0,1,DOJ,DOJ Statistics-2010-2021-breakdown_recvd2022-01-31.xlsx,Sheet 1
living on earnings of prostitution of others,living on earnings of prostitution of others ,2018,1,0,0,0,1,0,0,0,1,DOJ,DOJ Statistics-2010-2021-breakdown_recvd2022-01-31.xlsx,Sheet 1
non-consensual buggery,non-consensual buggery ,2018,2,1,0,0,1,0,1,0,1,DOJ,DOJ Statistics-2010-2021-breakdown_recvd2022-01-31.xlsx,Sheet 1
procurement by false pretences,procuring another person for an unlawful sexual act by false pretences ,2018,1,0,0,1,0,0,1,0,0,DOJ,DOJ Statistics-2010-2021-breakdown_recvd2022-01-31.xlsx,Sheet 1
child pornography,publishing / possession of / making a child pornography ,2018,10,0,0,9,1,0,8,1,1,DOJ,DOJ Statistics-2010-2021-breakdown_recvd2022-01-31.xlsx,Sheet 1
rape ,rape ,2018,20,8,5,4,3,5,12,0,3,DOJ,DOJ Statistics-2010-2021-breakdown_recvd2022-01-31.xlsx,Sheet 1
soliciting for an immoral purpose ,soliciting for an immoral purpose ,2018,6,4,1,0,1,1,1,3,1,DOJ,DOJ Statistics-2010-2021-breakdown_recvd2022-01-31.xlsx,Sheet 1
trafficking to Hong Kong in woman for prostitution // trafficking in persons to / from Hong Kong ,trafficking to Hong Kong in woman for prostitution // trafficking in persons to / from Hong Kong ,2018,0,0,0,0,0,0,0,0,0,DOJ,DOJ Statistics-2010-2021-breakdown_recvd2022-01-31.xlsx,Sheet 1
intercourse with girl under 13,unlawful sexual intercourse with a girl under 13 ,2018,4,0,0,4,0,0,3,1,0,DOJ,DOJ Statistics-2010-2021-breakdown_recvd2022-01-31.xlsx,Sheet 1
intercourse with girl under 16,unlawful sexual intercourse with a girl under 16 ,2018,12,5,2,5,0,2,6,4,0,DOJ,DOJ Statistics-2010-2021-breakdown_recvd2022-01-31.xlsx,Sheet 1
administering drugs to obtain or facilitate unlawful sexual act,administering drugs to obtain or facilitate unlawful sexual act ,2019,2,1,0,1,0,0,2,0,0,DOJ,DOJ Statistics-2010-2021-breakdown_recvd2022-01-31.xlsx,Sheet 1
child pornography,"aiding, abetting, counselling and/or procuring the offences relating to child pornography ",2019,0,0,0,0,0,0,0,0,0,DOJ,DOJ Statistics-2010-2021-breakdown_recvd2022-01-31.xlsx,Sheet 1
child pornography,attempting to make child pornography ,2019,0,0,0,0,0,0,0,0,0,DOJ,DOJ Statistics-2010-2021-breakdown_recvd2022-01-31.xlsx,Sheet 1
causing prostitution of woman / another person,causing prostitution of woman / another person ,2019,0,0,0,0,0,0,0,0,0,DOJ,DOJ Statistics-2010-2021-breakdown_recvd2022-01-31.xlsx,Sheet 1
procurement of mentally incapacitated person,procurement of mentally incapacitated person ,2019,0,0,0,0,0,0,0,0,0,DOJ,DOJ Statistics-2010-2021-breakdown_recvd2022-01-31.xlsx,Sheet 1
control over persons for purpose of unlawful sexual intercourse or prostitution,controlling another person for the purpose of prostitution ,2019,0,0,0,0,0,0,0,0,0,DOJ,DOJ Statistics-2010-2021-breakdown_recvd2022-01-31.xlsx,Sheet 1
gross indecency by man with man with mentally incapacitated person,gross indecency by man with male mentally incapacitated person ,2019,0,0,0,0,0,0,0,0,0,DOJ,DOJ Statistics-2010-2021-breakdown_recvd2022-01-31.xlsx,Sheet 1
gross indecency with or by man under 21,gross indecency with a man under the age of 21,2019,1,0,0,1,0,0,0,1,0,DOJ,DOJ Statistics-2010-2021-breakdown_recvd2022-01-31.xlsx,Sheet 1
incest by men,incest by men,2019,1,0,0,1,0,0,1,0,0,DOJ,DOJ Statistics-2010-2021-breakdown_recvd2022-01-31.xlsx,Sheet 1
child pornography,incitement to the offences relating to child pornography ,2019,0,0,0,0,0,0,0,0,0,DOJ,DOJ Statistics-2010-2021-breakdown_recvd2022-01-31.xlsx,Sheet 1
indecent conduct towards child under 16,inciting to commit // committing an act of gross indecency // indecent conduct towards / with a child under the age of 16,2019,6,0,2,3,1,2,2,1,1,DOJ,DOJ Statistics-2010-2021-breakdown_recvd2022-01-31.xlsx,Sheet 1
indecency in public,indecency in public,2019,1,1,0,0,0,0,0,1,0,DOJ,DOJ Statistics-2010-2021-breakdown_recvd2022-01-31.xlsx,Sheet 1
indecent assault,indecent assault on a woman / female / mentally incapacitated person / another person,2019,8,2,3,2,1,3,3,1,1,DOJ,DOJ Statistics-2010-2021-breakdown_recvd2022-01-31.xlsx,Sheet 1
living on earnings of prostitution of others,living on earnings of prostitution of others ,2019,6,1,1,4,0,1,4,1,0,DOJ,DOJ Statistics-2010-2021-breakdown_recvd2022-01-31.xlsx,Sheet 1
non-consensual buggery,non-consensual buggery ,2019,1,0,0,0,1,0,0,0,1,DOJ,DOJ Statistics-2010-2021-breakdown_recvd2022-01-31.xlsx,Sheet 1
procurement by false pretences,procuring another person for an unlawful sexual act by false pretences ,2019,1,0,0,1,0,0,1,0,0,DOJ,DOJ Statistics-2010-2021-breakdown_recvd2022-01-31.xlsx,Sheet 1
child pornography,publishing / possession of / making a child pornography ,2019,17,1,1,15,0,1,13,3,0,DOJ,DOJ Statistics-2010-2021-breakdown_recvd2022-01-31.xlsx,Sheet 1
rape ,rape ,2019,20,6,6,4,4,6,11,0,3,DOJ,DOJ Statistics-2010-2021-breakdown_recvd2022-01-31.xlsx,Sheet 1
soliciting for an immoral purpose ,soliciting for an immoral purpose ,2019,3,1,2,0,0,2,1,0,0,DOJ,DOJ Statistics-2010-2021-breakdown_recvd2022-01-31.xlsx,Sheet 1
trafficking to Hong Kong in woman for prostitution // trafficking in persons to / from Hong Kong ,trafficking to Hong Kong in woman for prostitution // trafficking in persons to / from Hong Kong ,2019,0,0,0,0,0,0,0,0,0,DOJ,DOJ Statistics-2010-2021-breakdown_recvd2022-01-31.xlsx,Sheet 1
intercourse with girl under 13,unlawful sexual intercourse with a girl under 13 ,2019,7,1,0,5,1,0,6,0,1,DOJ,DOJ Statistics-2010-2021-breakdown_recvd2022-01-31.xlsx,Sheet 1
intercourse with girl under 16,unlawful sexual intercourse with a girl under 16 ,2019,12,2,1,8,1,1,6,4,1,DOJ,DOJ Statistics-2010-2021-breakdown_recvd2022-01-31.xlsx,Sheet 1
administering drugs to obtain or facilitate unlawful sexual act,administering drugs to obtain or facilitate unlawful sexual act ,2020,1,0,0,1,0,0,1,0,0,DOJ,DOJ Statistics-2010-2021-breakdown_recvd2022-01-31.xlsx,Sheet 1
child pornography,"aiding, abetting, counselling and/or procuring the offences relating to child pornography ",2020,0,0,0,0,0,0,0,0,0,DOJ,DOJ Statistics-2010-2021-breakdown_recvd2022-01-31.xlsx,Sheet 1
child pornography,attempting to make child pornography ,2020,1,0,0,1,0,0,1,0,0,DOJ,DOJ Statistics-2010-2021-breakdown_recvd2022-01-31.xlsx,Sheet 1
causing prostitution of woman / another person,causing prostitution of woman / another person ,2020,0,0,0,0,0,0,0,0,0,DOJ,DOJ Statistics-2010-2021-breakdown_recvd2022-01-31.xlsx,Sheet 1
procurement of mentally incapacitated person,procurement of mentally incapacitated person ,2020,0,0,0,0,0,0,0,0,0,DOJ,DOJ Statistics-2010-2021-breakdown_recvd2022-01-31.xlsx,Sheet 1
control over persons for purpose of unlawful sexual intercourse or prostitution,controlling another person for the purpose of prostitution ,2020,0,0,0,0,0,0,0,0,0,DOJ,DOJ Statistics-2010-2021-breakdown_recvd2022-01-31.xlsx,Sheet 1
gross indecency by man with man with mentally incapacitated person,gross indecency by man with male mentally incapacitated person ,2020,0,0,0,0,0,0,0,0,0,DOJ,DOJ Statistics-2010-2021-breakdown_recvd2022-01-31.xlsx,Sheet 1
gross indecency with or by man under 21,gross indecency with a man under the age of 21,2020,0,0,0,0,0,0,0,0,0,DOJ,DOJ Statistics-2010-2021-breakdown_recvd2022-01-31.xlsx,Sheet 1
incest by men,incest by men,2020,1,0,1,0,0,1,0,0,0,DOJ,DOJ Statistics-2010-2021-breakdown_recvd2022-01-31.xlsx,Sheet 1
child pornography,incitement to the offences relating to child pornography ,2020,0,0,0,0,0,0,0,0,0,DOJ,DOJ Statistics-2010-2021-breakdown_recvd2022-01-31.xlsx,Sheet 1
indecent conduct towards child under 16,inciting to commit // committing an act of gross indecency // indecent conduct towards / with a child under the age of 16,2020,8,0,4,4,0,4,4,0,0,DOJ,DOJ Statistics-2010-2021-breakdown_recvd2022-01-31.xlsx,Sheet 1
indecency in public,indecency in public,2020,0,0,0,0,0,0,0,0,0,DOJ,DOJ Statistics-2010-2021-breakdown_recvd2022-01-31.xlsx,Sheet 1
indecent assault,indecent assault on a woman / female / mentally incapacitated person / another person,2020,9,1,3,4,1,3,5,0,1,DOJ,DOJ Statistics-2010-2021-breakdown_recvd2022-01-31.xlsx,Sheet 1
living on earnings of prostitution of others,living on earnings of prostitution of others ,2020,1,0,1,0,0,1,0,0,0,DOJ,DOJ Statistics-2010-2021-breakdown_recvd2022-01-31.xlsx,Sheet 1
non-consensual buggery,non-consensual buggery ,2020,3,1,1,0,1,1,1,0,1,DOJ,DOJ Statistics-2010-2021-breakdown_recvd2022-01-31.xlsx,Sheet 1
procurement by false pretences,procuring another person for an unlawful sexual act by false pretences ,2020,0,0,0,0,0,0,0,0,0,DOJ,DOJ Statistics-2010-2021-breakdown_recvd2022-01-31.xlsx,Sheet 1
child pornography,publishing / possession of / making a child pornography ,2020,10,2,0,8,0,0,9,1,0,DOJ,DOJ Statistics-2010-2021-breakdown_recvd2022-01-31.xlsx,Sheet 1
rape ,rape ,2020,14,4,6,4,0,6,8,0,0,DOJ,DOJ Statistics-2010-2021-breakdown_recvd2022-01-31.xlsx,Sheet 1
soliciting for an immoral purpose ,soliciting for an immoral purpose ,2020,0,0,0,0,0,0,0,0,0,DOJ,DOJ Statistics-2010-2021-breakdown_recvd2022-01-31.xlsx,Sheet 1
trafficking to Hong Kong in woman for prostitution // trafficking in persons to / from Hong Kong ,trafficking to Hong Kong in woman for prostitution // trafficking in persons to / from Hong Kong ,2020,0,0,0,0,0,0,0,0,0,DOJ,DOJ Statistics-2010-2021-breakdown_recvd2022-01-31.xlsx,Sheet 1
intercourse with girl under 13,unlawful sexual intercourse with a girl under 13 ,2020,3,1,1,1,0,1,1,1,0,DOJ,DOJ Statistics-2010-2021-breakdown_recvd2022-01-31.xlsx,Sheet 1
intercourse with girl under 16,unlawful sexual intercourse with a girl under 16 ,2020,7,2,2,2,1,2,2,2,1,DOJ,DOJ Statistics-2010-2021-breakdown_recvd2022-01-31.xlsx,Sheet 1
administering drugs to obtain or facilitate unlawful sexual act,administering drugs to obtain or facilitate unlawful sexual act ,2021,0,0,0,0,0,0,0,0,0,DOJ,DOJ Statistics-2010-2021-breakdown_recvd2022-01-31.xlsx,Sheet 1
child pornography,"aiding, abetting, counselling and/or procuring the offences relating to child pornography ",2021,0,0,0,0,0,0,0,0,0,DOJ,DOJ Statistics-2010-2021-breakdown_recvd2022-01-31.xlsx,Sheet 1
child pornography,attempting to make child pornography ,2021,0,0,0,0,0,0,0,0,0,DOJ,DOJ Statistics-2010-2021-breakdown_recvd2022-01-31.xlsx,Sheet 1
causing prostitution of woman / another person,causing prostitution of woman / another person ,2021,0,0,0,0,0,0,0,0,0,DOJ,DOJ Statistics-2010-2021-breakdown_recvd2022-01-31.xlsx,Sheet 1
procurement of mentally incapacitated person,procurement of mentally incapacitated person ,2021,0,0,0,0,0,0,0,0,0,DOJ,DOJ Statistics-2010-2021-breakdown_recvd2022-01-31.xlsx,Sheet 1
control over persons for purpose of unlawful sexual intercourse or prostitution,controlling another person for the purpose of prostitution ,2021,0,0,0,0,0,0,0,0,0,DOJ,DOJ Statistics-2010-2021-breakdown_recvd2022-01-31.xlsx,Sheet 1
gross indecency by man with man with mentally incapacitated person,gross indecency by man with male mentally incapacitated person ,2021,0,0,0,0,0,0,0,0,0,DOJ,DOJ Statistics-2010-2021-breakdown_recvd2022-01-31.xlsx,Sheet 1
gross indecency with or by man under 21,gross indecency with a man under the age of 21,2021,0,0,0,0,0,0,0,0,0,DOJ,DOJ Statistics-2010-2021-breakdown_recvd2022-01-31.xlsx,Sheet 1
incest by men,incest by men,2021,1,1,0,0,0,0,1,0,0,DOJ,DOJ Statistics-2010-2021-breakdown_recvd2022-01-31.xlsx,Sheet 1
child pornography,incitement to the offences relating to child pornography ,2021,0,0,0,0,0,0,0,0,0,DOJ,DOJ Statistics-2010-2021-breakdown_recvd2022-01-31.xlsx,Sheet 1
indecent conduct towards child under 16,inciting to commit // committing an act of gross indecency // indecent conduct towards / with a child under the age of 16,2021,4,0,1,3,0,1,3,0,0,DOJ,DOJ Statistics-2010-2021-breakdown_recvd2022-01-31.xlsx,Sheet 1
indecency in public,indecency in public,2021,0,0,0,0,0,0,0,0,0,DOJ,DOJ Statistics-2010-2021-breakdown_recvd2022-01-31.xlsx,Sheet 1
indecent assault,indecent assault on a woman / female / mentally incapacitated person / another person,2021,4,1,3,0,0,3,1,0,0,DOJ,DOJ Statistics-2010-2021-breakdown_recvd2022-01-31.xlsx,Sheet 1
living on earnings of prostitution of others,living on earnings of prostitution of others ,2021,0,0,0,0,0,0,0,0,0,DOJ,DOJ Statistics-2010-2021-breakdown_recvd2022-01-31.xlsx,Sheet 1
non-consensual buggery,non-consensual buggery ,2021,0,0,0,0,0,0,0,0,0,DOJ,DOJ Statistics-2010-2021-breakdown_recvd2022-01-31.xlsx,Sheet 1
procurement by false pretences,procuring another person for an unlawful sexual act by false pretences ,2021,0,0,0,0,0,0,0,0,0,DOJ,DOJ Statistics-2010-2021-breakdown_recvd2022-01-31.xlsx,Sheet 1
child pornography,publishing / possession of / making a child pornography ,2021,6,0,0,6,0,0,6,0,0,DOJ,DOJ Statistics-2010-2021-breakdown_recvd2022-01-31.xlsx,Sheet 1
rape ,rape ,2021,7,2,2,1,2,2,3,0,2,DOJ,DOJ Statistics-2010-2021-breakdown_recvd2022-01-31.xlsx,Sheet 1
soliciting for an immoral purpose ,soliciting for an immoral purpose ,2021,0,0,0,0,0,0,0,0,0,DOJ,DOJ Statistics-2010-2021-breakdown_recvd2022-01-31.xlsx,Sheet 1
trafficking to Hong Kong in woman for prostitution // trafficking in persons to / from Hong Kong ,trafficking to Hong Kong in woman for prostitution // trafficking in persons to / from Hong Kong ,2021,0,0,0,0,0,0,0,0,0,DOJ,DOJ Statistics-2010-2021-breakdown_recvd2022-01-31.xlsx,Sheet 1
intercourse with girl under 13,unlawful sexual intercourse with a girl under 13 ,2021,1,0,0,1,0,0,1,0,0,DOJ,DOJ Statistics-2010-2021-breakdown_recvd2022-01-31.xlsx,Sheet 1
intercourse with girl under 16,unlawful sexual intercourse with a girl under 16 ,2021,9,1,4,4,0,4,3,2,0,DOJ,DOJ Statistics-2010-2021-breakdown_recvd2022-01-31.xlsx,Sheet 1
rape ,NA,2022,3,2,1,0,0,1,1,1,0,DOJ,DOJ Statistics 2022 revised.xlsx,Sheet 1
homosexual buggery with or by man under 16,NA,2022,3,0,0,3,0,0,3,0,0,DOJ,DOJ Statistics 2022 revised.xlsx,Sheet 1
procurement by false pretences,NA,2022,1,0,1,0,0,1,0,0,0,DOJ,DOJ Statistics 2022 revised.xlsx,Sheet 1
indecent assault,NA,2022,9,0,0,9,0,0,6,3,0,DOJ,DOJ Statistics 2022 revised.xlsx,Sheet 1
intercourse with girl under 13,NA,2022,5,0,3,2,0,3,2,0,0,DOJ,DOJ Statistics 2022 revised.xlsx,Sheet 1
intercourse with girl under 16,NA,2022,12,8,0,2,2,0,1,9,2,DOJ,DOJ Statistics 2022 revised.xlsx,Sheet 1
indecent conduct towards child under 16,NA,2022,14,2,5,6,1,5,6,2,1,DOJ,DOJ Statistics 2022 revised.xlsx,Sheet 1
soliciting for an immoral purpose ,NA,2022,1,0,0,1,0,0,0,1,0,DOJ,DOJ Statistics 2022 revised.xlsx,Sheet 1
indecency in public,NA,2022,1,0,0,1,0,0,0,1,0,DOJ,DOJ Statistics 2022 revised.xlsx,Sheet 1
unlawful recording or observation of intimate parts,NA,2022,10,10,0,0,0,0,0,10,0,DOJ,DOJ Statistics 2022 revised.xlsx,Sheet 1
child pornography,NA,2022,8,2,0,5,1,0,7,0,1,DOJ,DOJ Statistics 2022 revised.xlsx,Sheet 1
incest by men,NA,2023,12,5,0,4,3,NA,9,0,3,DOJ,DOJ Statistics 2023 2024.xlsx,Sheet 1
rape,NA,2023,50,14,17,9,10,17,25,2,6,DOJ,DOJ Statistics 2023 2024.xlsx,Sheet 1
non consensual buggery,NA,2023,2,0,0,2,0,0,2,0,0,DOJ,DOJ Statistics 2023 2024.xlsx,Sheet 1
administering drugs to obtain or facilitate unlawful sexual act,NA,2023,8,0,0,8,0,0,8,0,0,DOJ,DOJ Statistics 2023 2024.xlsx,Sheet 1
indecent assault,NA,2023,44,6,1,34,3,1,39,1,3,DOJ,DOJ Statistics 2023 2024.xlsx,Sheet 1
intercourse with girl under 13,NA,2023,27,2,0,24,1,NA,18,8,1,DOJ,DOJ Statistics 2023 2024.xlsx,Sheet 1
intercourse with girl under 16,NA,2023,33,4,5,16,8,5,20,0,8,DOJ,DOJ Statistics 2023 2024.xlsx,Sheet 1
control over persons for purpose of unlawful sexual intercourse or prostitution,NA,2023,1,0,0,0,1,0,0,0,1,DOJ,DOJ Statistics 2023 2024.xlsx,Sheet 1
causing prostitution,NA,2023,3,0,0,3,0,0,3,0,0,DOJ,DOJ Statistics 2023 2024.xlsx,Sheet 1
living on earnings of prostitution of others,NA,2023,9,0,2,7,0,2,7,0,0,DOJ,DOJ Statistics 2023 2024.xlsx,Sheet 1
indecent conduct towards child under 16,NA,2023,58,12,5,29,12,10,40,1,7,DOJ,DOJ Statistics 2023 2024.xlsx,Sheet 1
indecency in public,NA,2023,4,1,1,1,1,1,1,2,0,DOJ,DOJ Statistics 2023 2024.xlsx,Sheet 1
voyeurism,NA,2023,13,4,2,7,0,2,11,0,0,DOJ,DOJ Statistics 2023 2024.xlsx,Sheet 1
unlawful recording or observation of intimate parts,NA,2023,73,1,2,44,26,2,44,1,26,DOJ,DOJ Statistics 2023 2024.xlsx,Sheet 1
publication or threatened publication of intimate images without consent,NA,2023,3,3,0,0,0,0,2,1,0,DOJ,DOJ Statistics 2023 2024.xlsx,Sheet 1
child pornography,NA,2023,24,1,1,21,1,1,22,0,1,DOJ,DOJ Statistics 2023 2024.xlsx,Sheet 1
rape,NA,2024,5,1,1,3,NA,1,4,NA,NA,DOJ,DOJ Statistics 2023 2024.xlsx,Sheet 2
indecent assault,NA,2024,4,NA,1,1,2,3,1,NA,NA,DOJ,DOJ Statistics 2023 2024.xlsx,Sheet 2
intercourse with girl under 16,NA,2024,11,8,NA,1,2,NA,9,1,1,DOJ,DOJ Statistics 2023 2024.xlsx,Sheet 2
control over persons for purpose of unlawful sexual intercourse or prostitution,NA,2024,1,NA,NA,NA,1,NA,NA,NA,1,DOJ,DOJ Statistics 2023 2024.xlsx,Sheet 2
living on earnings of prostitution of others,NA,2024,2,NA,NA,2,NA,NA,2,NA,NA,DOJ,DOJ Statistics 2023 2024.xlsx,Sheet 2
indecent conduct towards child under 16,NA,2024,26,3,7,13,3,7,15,1,3,DOJ,DOJ Statistics 2023 2024.xlsx,Sheet 2
soliciting for an immoral purpose,NA,2024,1,NA,1,NA,NA,1,NA,NA,NA,DOJ,DOJ Statistics 2023 2024.xlsx,Sheet 2
voyeurism,NA,2024,4,1,NA,3,NA,NA,4,NA,NA,DOJ,DOJ Statistics 2023 2024.xlsx,Sheet 2
publication or threatened publication of intimate images without consent,NA,2024,1,NA,NA,1,NA,NA,1,NA,NA,DOJ,DOJ Statistics 2023 2024.xlsx,Sheet 2
child pornography,NA,2024,19,NA,1,17,1,2,17,NA,NA,DOJ,DOJ Statistics 2023 2024.xlsx,Sheet 2
